seq,changed?,dbpedia,umbel,status,source,comments,BLANK,hier1,hier2,hier3,hier4,hier5,hier6,hier7,,status,,source
1,,Activity,Action,OK,web+onto+v105,,,Activity,,,,,,,,???,,web+onto+v105
2,,Game,Game,OK,web+onto+v105,,,,Game,,,,,,,DROP,,web+onto
3,,BoardGame,BoardGame,OK,web+onto,,,,,BoardGame,,,,,,NEED,,web
4,,Sport,Sport,OK,web+onto+v105,,,,Sport,,,,,,,"NEED,OPENCYC",,onto
5,,Athletics,AthleticActivity,OK,web,,,,,Athletics,,,,,,NEEDED,,v105
6,,Boxing,BoxingSport_CW,OPENCYC,web,,,,,Boxing,,,,,,NOT MAPPED,,web+v105
7,,BoxingCategory,BoxingSport_CW,NEED,web,,,,,,BoxingCategory,,,,,OK,,
8,,BoxingStyle,BoxingSport_CW,NEED,web,,,,,,BoxingStyle,,,,,OKNEED,,
9,,HorseRiding,HorsebackRiding,OK,web,,,,,HorseRiding,,,,,,OPEN,,
10,,Agent,Agent_Generic,OK,web+onto,,,Agent,,,,,,,,"OPEN,NEED",,
11,,Deity,God,OK,web+onto,,,,Deity,,,,,,,OPENCYC,,
12,,Family,Family_Human,OK,web+onto,,,,Family,,,,,,,"OPENCYC,UPDATED",,
13,,NobleFamily,AristocraticFamilyLine,OK,web,,,,,NobleFamily,,,,,,UPDATED,,
14,,Organisation,Organization,OK,web+onto+v105,,,,Organisation,,,,,,,"UPDATED,NEED",,
15,,Band,Band_MusicGroup,OK,web+onto+v105,,,,,Band,,,,,,"UPDATED,OPENCYC",,
16,,Broadcaster,MediaOrganization,OK,web+onto,,,,,Broadcaster,,,,,,,,
17,,BroadcastNetwork,MediaOrganization,OK,web+onto,,,,,,BroadcastNetwork,,,,,,,
18,,RadioStation,RadioStation_Organization,OK,web+onto+v105,,,,,,RadioStation,,,,,,,
19,,TelevisionStation,TelevisionStation,OK,web+onto,,,,,,TelevisionStation,,,,,,,
20,,ClericalOrder,ReligiousOrganization,OK,web+onto,,,,,ClericalOrder,,,,,,,,
21,,ComedyGroup,ComedyTeam,OK,web+onto,,,,,ComedyGroup,,,,,,,,
22,,Company,Business,OK,web+onto+v105,,,,,Company,,,,,,,,
23,,Airline,AirlineCompany,OK,web+onto+v105,,,,,,Airline,,,,,,,
24,,Brewery,Brewery,OK,web,,,,,,Brewery,,,,,,,
25,,BusCompany,BusLine,OK,web,,,,,,BusCompany,,,,,,,
26,,LawFirm,LawFirm,OK,web+onto,,,,,,LawFirm,,,,,,,
27,,Publisher,PublishingOrganization,OK,web+onto,,,,,,Publisher,,,,,,,
28,,RecordLabel,RecordCompany,OK,web+onto+v105,,,,,,RecordLabel,,,,,,,
29,,Winery,Winery,OK,web,,,,,,Winery,,,,,,,
30,,EducationalInstitution,EducationalOrganization,OK,web+onto+v105,,,,,EducationalInstitution,,,,,,,,
31,,College,College,OK,web+onto+v105,,,,,,College,,,,,,,
32,,Library,Library_Organization,OK,web+onto,,,,,,Library,,,,,,,
33,,School,School_AcademicOrganization,OK,web+onto+v105,,,,,,School,,,,,,,
34,,University,University,OK,web+onto+v105,,,,,,University,,,,,,,
35,,GeopoliticalOrganisation,GeopoliticalEntity,OK,web+onto+v105,,,,,GeopoliticalOrganisation,,,,,,,,
36,,GovernmentAgency,GovernmentAgency,OK,web+onto,,,,,GovernmentAgency,,,,,,,,
37,,Group,,OPEN,web+onto,,,,,Group,,,,,,,,
38,,Legislature,LegislativeOrganization,UPDATED,web+onto+v105,,,,,Legislature,,,,,,,,
39,,MilitaryUnit,MilitaryOrganization,UPDATED,web+onto+v105,,,,,MilitaryUnit,,,,,,,,
40,,Non-ProfitOrganisation,NonProfitOrganization,OK,web+onto+v105,,,,,Non-ProfitOrganisation,,,,,,,,
41,,RecordOffice,,"OPEN,NEED",web,legitimate category useful to add to Cyc,,,,,RecordOffice,,,,,,,
42,,Parliament,Parliament,OK,web,,,,,Parliament,,,,,,,,
43,,PoliticalParty,PoliticalParty,OK,web+onto,,,,,PoliticalParty,,,,,,,,
44,,SambaSchool,EducationalOrganization,NEED,web+onto,,,,,SambaSchool,,,,,,,,
45,,SportsLeague,SportsLeague,"UPDATED,NEED",web+onto+v105,entire 'SportsLeague' area needs attention,,,,SportsLeague,,,,,,,,
46,,AmericanFootballLeague,SportsLeague,"UPDATED,NEED",web+onto+v105,,,,,,AmericanFootballLeague,,,,,,,
47,,AustralianFootballLeague,AustralianFootballLeague,OPENCYC,web+onto+v105,,,,,,AustralianFootballLeague,,,,,,,
48,,AutoRacingLeague,SportsLeague,"UPDATED,NEED",web+onto+v105,,,,,,AutoRacingLeague,,,,,,,
49,,BaseballLeague,Basketball_league,UPDATED,web+onto+v105,,,,,,BaseballLeague,,,,,,,
50,,BasketballLeague,SportsLeague,"UPDATED,NEED",web+onto+v105,,,,,,BasketballLeague,,,,,,,
51,,BowlingLeague,SportsLeague,"UPDATED,NEED",web+onto+v105,,,,,,BowlingLeague,,,,,,,
52,,BoxingLeague,SportsLeague,"UPDATED,NEED",web+onto+v105,,,,,,BoxingLeague,,,,,,,
53,,CanadianFootballLeague,SportsLeague,"UPDATED,NEED",web+onto+v105,,,,,,CanadianFootballLeague,,,,,,,
54,,CricketLeague,SportsLeague,"UPDATED,NEED",web+onto+v105,,,,,,CricketLeague,,,,,,,
55,,CurlingLeague,SportsLeague,"UPDATED,NEED",web+onto+v105,,,,,,CurlingLeague,,,,,,,
56,,CyclingLeague,SportsLeague,"UPDATED,NEED",web+onto+v105,,,,,,CyclingLeague,,,,,,,
57,,FieldHockeyLeague,SportsLeague,"UPDATED,NEED",web+onto+v105,,,,,,FieldHockeyLeague,,,,,,,
58,,FormulaOneRacing,SportsLeague,NEED,web+onto,,,,,,FormulaOneRacing,,,,,,,
59,,GolfLeague,SportsLeague,"UPDATED,NEED",web+onto+v105,,,,,,GolfLeague,,,,,,,
60,,HandballLeague,SportsLeague,"UPDATED,NEED",web+onto+v105,,,,,,HandballLeague,,,,,,,
61,,IceHockeyLeague,SportsLeague,"UPDATED,NEED",web+onto+v105,,,,,,IceHockeyLeague,,,,,,,
62,,InlineHockeyLeague,SportsLeague,"UPDATED,NEED",web+onto+v105,,,,,,InlineHockeyLeague,,,,,,,
63,,LacrosseLeague,SportsLeague,"UPDATED,NEED",web+onto+v105,,,,,,LacrosseLeague,,,,,,,
64,,MixedMartialArtsLeague,SportsLeague,"UPDATED,NEED",web+onto+v105,,,,,,MixedMartialArtsLeague,,,,,,,
65,,MotorcycleRacingLeague,SportsLeague,"UPDATED,NEED",web+onto+v105,,,,,,MotorcycleRacingLeague,,,,,,,
66,,PaintballLeague,SportsLeague,"UPDATED,NEED",web+onto+v105,,,,,,PaintballLeague,,,,,,,
67,,PoloLeague,SportsLeague,"UPDATED,NEED",web+onto+v105,,,,,,PoloLeague,,,,,,,
68,,RadioControlledRacingLeague,SportsLeague,"UPDATED,NEED",web+onto+v105,,,,,,RadioControlledRacingLeague,,,,,,,
69,,RugbyLeague,SportsLeague,"UPDATED,NEED",web+onto+v105,,,,,,RugbyLeague,,,,,,,
70,,SoccerLeague,SportsLeague,"UPDATED,NEED",web+onto+v105,,,,,,SoccerLeague,,,,,,,
71,,SoftballLeague,SportsLeague,"UPDATED,NEED",web+onto+v105,,,,,,SoftballLeague,,,,,,,
72,,SpeedwayLeague,SportsLeague,"UPDATED,NEED",web+onto+v105,,,,,,SpeedwayLeague,,,,,,,
73,,TennisLeague,SportsLeague,"UPDATED,NEED",web+onto+v105,,,,,,TennisLeague,,,,,,,
74,,VideogamesLeague,SportsLeague,"UPDATED,NEED",web+onto+v105,,,,,,VideogamesLeague,,,,,,,
75,,VolleyballLeague,SportsLeague,"UPDATED,NEED",web+onto+v105,,,,,,VolleyballLeague,,,,,,,
76,,SportsTeam,SportsTeam,UPDATED,web+onto+v105,,,,,SportsTeam,,,,,,,,
77,,AmericanFootballTeam,FootballTeam,NEED,web+onto+v105,,,,,,AmericanFootballTeam,,,,,,,
78,,AustralianFootballTeam,FootballTeam,NEED,web,,,,,,AustralianFootballTeam,,,,,,,
79,,BaseballTeam,BaseballTeam,OK,web+onto,,,,,,BaseballTeam,,,,,,,
80,,BasketballTeam,BasketballTeam,OK,web+onto,,,,,,BasketballTeam,,,,,,,
81,,CanadianFootballTeam,FootballTeam,NEED,web+onto+v105,,,,,,CanadianFootballTeam,,,,,,,
82,,CricketTeam,CricketTeam,OPENCYC,web,,,,,,CricketTeam,,,,,,,
83,,CyclingTeam,SportsTeam,NEED,web+onto,,,,,,CyclingTeam,,,,,,,
84,,FormulaOneTeam,SportsTeam,NEED,web,,,,,,FormulaOneTeam,,,,,,,
85,,HandballTeam,SportsTeam,NEED,web,,,,,,HandballTeam,,,,,,,
86,,HockeyTeam,HockeyTeam,OK,web+onto+v105,,,,,,HockeyTeam,,,,,,,
87,,RugbyClub,RugbyTeam,OK,web+onto,,,,,,RugbyClub,,,,,,,
88,,SoccerClub,SoccerTeam,OK,web+onto+v105,,,,,,SoccerClub,,,,,,,
89,,NationalSoccerClub,SportsTeam,NEED,web+onto,,,,,,,NationalSoccerClub,,,,,,
90,,SpeedwayTeam,SportsTeam,NEED,web+onto,,,,,,SpeedwayTeam,,,,,,,
91,,TermOfOffice,TimeInPosition_Served,OPENCYC,web,,,,,TermOfOffice,,,,,,,,
92,,TradeUnion,TradeUnion,OK,web+onto+v105,,,,,TradeUnion,,,,,,,,
93,,Person,Person ,UPDATED,web+onto+v105,,,,Person,,,,,,,,,
94,,Ambassador,Ambassador,OK,web+onto+v105,,,,,Ambassador,,,,,,,,
95,,Archeologist,Archaeologist,OK,web,,,,,Archeologist,,,,,,,,
96,,Architect,Architect,OK,web+onto+v105,,,,,Architect,,,,,,,,
97,,Aristocrat,Aristocrat,OK,web+onto,,,,,Aristocrat,,,,,,,,
98,,Artist,Artist,OK,web+onto+v105,,,,,Artist,,,,,,,,
99,,Actor,Actor,OK,web+onto+v105,,,,,,Actor,,,,,,,
100,,AdultActor,Actor,NEED,web+onto+v105,,,,,,,AdultActor,,,,,,
101,,Pornstar,PornStar,OK,onto,,,,,,,Pornstar,,,,,,
102,,VoiceActor,Actor_Voice,OK,web+onto+v105,,,,,,,VoiceActor,,,,,,
103,,Comedian,Comedian,OK,web+onto+v105,,,,,,Comedian,,,,,,,
104,,ComicsCreator,Cartoonist,UPDATED,web+onto+v105,,,,,,ComicsCreator,,,,,,,
105,,Dancer,Dancer_Performer,OK,web,,,,,,Dancer,,,,,,,
106,,FashionDesigner,FashionDesigner,OK,web+onto,,,,,,FashionDesigner,,,,,,,
107,,Humorist,Comedian,NEED,web,,,,,,Humorist,,,,,,,
108,,MusicalArtist,MusicalPerformer,OK,web+onto+v105,,,,,,MusicalArtist,,,,,,,
109,,BackScene,???,???,web,not sure what this means: scenary artist?,,,,,,BackScene,,,,,,
110,,ClassicalMusicArtist,MusicalPerformer,NEED,web,,,,,,,ClassicalMusicArtist,,,,,,
111,,Instrumentalist,MusicalInstrumentPlayer,OK,web,,,,,,,Instrumentalist,,,,,,
112,,Guitarist,Guitarist,OK,web,,,,,,,,Guitarist,,,,,
113,,Painter,Painter_FineArtist,OK,web+onto,,,,,,Painter,,,,,,,
114,,Photographer,Photographer,OK,web,,,,,,Photographer,,,,,,,
115,,Sculptor,Sculptor,OK,web+onto,,,,,,Sculptor,,,,,,,
116,,Writer,Writer,OK,web+onto+v105,,,,,,Writer,,,,,,,
117,,Poet,Poet,OK,web,,,,,,,Poet,,,,,,
118,,ScreenWriter,ScreenWriter,OK,web,,,,,,,ScreenWriter,,,,,,
119,,Astronaut,Astronaut,OK,web+onto+v105,,,,,Astronaut,,,,,,,,
120,,Athlete,Athlete,OK,web+onto+v105,,,,,Athlete,,,,,,,,
121,X,AustralianRulesFootballPlayer,FootballPlayer_Australian,OPENCYC,web+onto,,,,,,AustralianRulesFootballPlayer,,,,,,,
122,,BadmintonPlayer,BadmintonPlayer,OPENCYC,web+onto+v105,,,,,,BadmintonPlayer,,,,,,,
123,,BaseballPlayer,BaseballPlayer,OK,web+onto+v105,,,,,,BaseballPlayer,,,,,,,
124,,BasketballPlayer,BasketballPlayer,OK,web+onto+v105,,,,,,BasketballPlayer,,,,,,,
125,,Bodybuilder,Bodybuilder,OK,web+onto,,,,,,Bodybuilder,,,,,,,
126,,Boxer,Boxer,OK,web+onto+v105,,,,,,Boxer,,,,,,,
127,,AmateurBoxer,Boxer,OK,web+onto,,,,,,,AmateurBoxer,,,,,,
128,,BullFighter,Matador,OK,web+onto,,,,,,BullFighter,,,,,,,
129,,Canoeist,Athlete,OK,web,,,,,,Canoeist,,,,,,,
130,,ChessPlayer,Strategist,NEED,web+onto,,,,,,ChessPlayer,,,,,,,
131,,Cricketer,Cricketer,OPENCYC,web+onto+v105,,,,,,Cricketer,,,,,,,
132,,Curler,Athlete,NEED,web+onto,,,,,,Curler,,,,,,,
133,,Cyclist,Cyclist_Athlete,"UPDATED,OPENCYC",web+onto+v105,,,,,,Cyclist,,,,,,,
134,,DartsPlayer,Athlete,NEED,web+onto,,,,,,DartsPlayer,,,,,,,
135,,Fencer,SabreFencer,OPENCYC,web,,,,,,Fencer,,,,,,,
136,,FigureSkater,FigureSkater,OK,web+onto+v105,,,,,,FigureSkater,,,,,,,
137,,GaelicGamesPlayer,Athlete,NEED,web+onto+v105,,,,,,GaelicGamesPlayer,,,,,,,
138,,GolfPlayer,Golfer,OK,web+onto,,,,,,GolfPlayer,,,,,,,
139,,GridironFootballPlayer,FootballPlayer_American,OK,web+onto+v105,,,,,,GridironFootballPlayer,,,,,,,
140,,AmericanFootballPlayer,FootballPlayer_American,OK,web+onto+v105,,,,,,,AmericanFootballPlayer,,,,,,
141,,CanadianFootballPlayer,FootballPlayer_Canadian,OK,web+onto+v105,,,,,,,CanadianFootballPlayer,,,,,,
142,,Gymnast,Gymnast,OK,web+onto,,,,,,Gymnast,,,,,,,
143,,HandballPlayer,TeamHandballPlayer,OPENCYC,web+onto,,,,,,HandballPlayer,,,,,,,
144,,HorseRider,Athlete,NEED,web,,,,,,HorseRider,,,,,,,
145,,IceHockeyPlayer,IceHockeyPlayer,OK,web+onto+v105,,,,,,IceHockeyPlayer,,,,,,,
146,,Jockey,Jockey,OK,web+onto,,,,,,Jockey,,,,,,,
147,,LacrossePlayer,LacrossePlayer,OPENCYC,web+onto,,,,,,LacrossePlayer,,,,,,,
148,,MartialArtist,MartialArtist,OK,web+onto,,,,,,MartialArtist,,,,,,,
149,,MotorsportRacer,Driver_TransportationProfessional,OK,web,,,,,,MotorsportRacer,,,,,,,
150,,MotorcycleRider,Motorcyclist_Professional,NEED,web+onto,,,,,,,MotorcycleRider,,,,,,
151,,SpeedwayRider,Driver_TransportationProfessional,NEED,web+onto,,,,,,,,SpeedwayRider,,,,,
152,,RacingDriver,Driver_TransportationProfessional,OK,web+onto,,,,,,,RacingDriver,,,,,,
153,,FormulaOneRacer,FormulaOneRacer,OK,web+onto+v105,,,,,,,,FormulaOneRacer,,,,,
154,,MotocycleRacer,Motorcyclist_Professional,OK,web,,,,,,,,MotocycleRacer,,,,,
155,,NascarDriver,NASCARDriver,OPENCYC,web+onto+v105,,,,,,,,NascarDriver,,,,,
156,,RallyDriver,Driver_TransportationProfessional,NEED,web,,,,,,,,RallyDriver,,,,,
157,,NationalCollegiateAthleticAssociationAthlete,Athlete,UPDATED,web+onto+v105,,,,,,NationalCollegiateAthleticAssociationAthlete,,,,,,,
158,,NetballPlayer,Athlete,NEED,web+onto,,,,,,NetballPlayer,,,,,,,
159,,PokerPlayer,PokerPlayer,OPEN,web+onto+v105,,,,,,PokerPlayer,,,,,,,
160,,Rower,Athlete,NEED,web,,,,,,Rower,,,,,,,
161,,RugbyPlayer,RugbyPlayer,OK,web+onto+v105,,,,,,RugbyPlayer,,,,,,,
162,,Skater,Athlete,NEED,web+onto,,,,,,Skater,,,,,,,
163,,Skier,SnowSkier,OK,web+onto,,,,,,Skier,,,,,,,
164,,SnookerPlayer,Athlete,NEED,web+onto,,,,,,SnookerPlayer,,,,,,,
165,,SnookerChamp,Athlete,NEED,web+onto,,,,,,,SnookerChamp,,,,,,
166,,SoccerPlayer,SoccerPlayer,OK,web+onto+v105,,,,,,SoccerPlayer,,,,,,,
167,,SquashPlayer,SquashPlayer,OPENCYC,web+onto,,,,,,SquashPlayer,,,,,,,
168,,Surfer,Surfer,OK,web,,,,,,Surfer,,,,,,,
169,,Swimmer,Swimmer,OK,web+onto,,,,,,Swimmer,,,,,,,
170,,TableTennisPlayer,Athlete,NEED,web+onto,,,,,,TableTennisPlayer,,,,,,,
171,,TeamMember,Athlete,???,web+onto,,,,,,TeamMember,,,,,,,
172,,TennisPlayer,TennisPlayer,OK,web+onto+v105,,,,,,TennisPlayer,,,,,,,
173,,VolleyballPlayer,VolleyballPlayer,OPENCYC,web+onto,,,,,,VolleyballPlayer,,,,,,,
174,,BeachVolleyballPlayer,VolleyballPlayer,NEED,web+onto,,,,,,,BeachVolleyballPlayer,,,,,,
175,,Wrestler,Wrestler,OK,web+onto+v105,,,,,,Wrestler,,,,,,,
176,,SumoWrestler,Pro_wrestler,NEED,web+onto,,,,,,,SumoWrestler,,,,,,
177,,BeautyQueen,Artist_Performer,NEED,web+onto,,,,,BeautyQueen,,,,,,,,
178,,BusinessPerson,BusinessPerson,OK,web,,,,,BusinessPerson,,,,,,,,
179,,Celebrity,Celebrity,OK,web+onto+v105,,,,,Celebrity,,,,,,,,
180,,Chef,Chef,OK,web+onto,,,,,Chef,,,,,,,,
181,,Cleric,Cleric,OK,web+onto+v105,,,,,Cleric,,,,,,,,
182,,Cardinal,Cardinal_CatholicBishop,OK,web+onto+v105,,,,,,Cardinal,,,,,,,
183,,ChristianBishop,Bishop_Clerical,OK,web+onto+v105,,,,,,ChristianBishop,,,,,,,
184,,ChristianPatriarch,Patriarch,OKNEED,web+onto,,,,,,ChristianPatriarch,,,,,,,
185,,Pope,Pope,OK,web+onto+v105,,,,,,Pope,,,,,,,
186,,Priest,Cleric,OK,web+onto,,,,,,Priest,,,,,,,
187,,Saint,Saint,OK,web+onto+v105,,,,,,Saint,,,,,,,
188,,Vicar,Cleric,NEED,web,,,,,,Vicar,,,,,,,
189,,Coach,SportsCoach,OK,web,,,,,Coach,,,,,,,,
190,,AmericanFootballCoach,SportsCoach,NEED,web,,,,,,AmericanFootballCoach,,,,,,,
191,,CollegeCoach,CollegeCoach,OPENCYC,web+onto+v105,,,,,,CollegeCoach,,,,,,,
192,,VolleyballCoach,SportsCoach,NEED,web+onto,,,,,,VolleyballCoach,,,,,,,
193,,Criminal,Criminal,OK,web+onto+v105,,,,,Criminal,,,,,,,,
194,,Murderer,Murderer,OK,web+onto,,,,,,Murderer,,,,,,,
195,,SerialKiller,SerialKiller,OK,web,,,,,,SerialKiller,,,,,,,
196,,Economist,Economist,OK,web+onto,,,,,Economist,,,,,,,,
197,,Egyptologist,Professional_Adult,NEED,web,,,,,Egyptologist,,,,,,,,
198,,Engineer,Engineer,OK,web+onto,,,,,Engineer,,,,,,,,
199,,Farmer,Farmer,OK,web,,,,,Farmer,,,,,,,,
200,,FictionalCharacter,FictionalCharacter,OK,web+onto+v105,,,,,FictionalCharacter,,,,,,,,
201,,ComicsCharacter,CartoonCharacter,OK,web+onto+v105,,,,,,ComicsCharacter,,,,,,,
202,,AnimangaCharacter,CartoonCharacter,NEED,web+onto,,,,,,,AnimangaCharacter,,,,,,
203,,DisneyCharacter,CartoonCharacter,NEED,web,,,,,,DisneyCharacter,,,,,,,
204,,NarutoCharacter,CartoonCharacter,NEED,web,,,,,,NarutoCharacter,,,,,,,
205,,SoapCharacter,TVCharacter,NEED,web+onto,,,,,,SoapCharacter,,,,,,,
206,,Historian,Historian,OK,web,,,,,Historian,,,,,,,,
207,,HorseTrainer,AnimalTrainer,NEED,web+onto,,,,,HorseTrainer,,,,,,,,
208,,Journalist,Journalist,OK,web+onto+v105,,,,,Journalist,,,,,,,,
209,,Judge,Judge,OK,web+onto+v105,,,,,Judge,,,,,,,,
210,,Linguist,Linguist,OK,web,,,,,Linguist,,,,,,,,
211,,Manager,Manager,DROP,v105,,,,,Manager,,,,,,,,
212,,FootballManager,Manager,DROP,v105,,,,,,FootballManager,,,,,,,
213,,MilitaryPerson,MilitaryPerson,OK,web+onto+v105,,,,,MilitaryPerson,,,,,,,,
214,,Model,FashionModel,OK,web+onto+v105,,,,,Model,,,,,,,,
215,,Monarch,Monarch_HeadOfState,OK,web+onto+v105,,,,,Monarch,,,,,,,,
216,,MythologicalFigure,FictionalCharacter,NEED,web,,,,,MythologicalFigure,,,,,,,,
217,X,Noble,AristocratTypeByTitle,OPENCYC,web+onto,,,,,Noble,,,,,,,,
218,,OfficeHolder,ElectedOfficial,OK,web+onto,,,,,OfficeHolder,,,,,,,,
219,,OrganisationMember,OrganizationOfPeopleOnly,???,web+onto,"hmm, membership modeling is difficult 'Member_Generic'?",,,,OrganisationMember,,,,,,,,
220,,SportsTeamMember,SportsTeam,???,web+onto,"hmm, membership modeling is difficult 'Member_Generic'?",,,,,SportsTeamMember,,,,,,,
221,,Philosopher,Philosopher,OK,web+onto+v105,,,,,Philosopher,,,,,,,,
222,,PlayboyPlaymate,PlayboyModel,OK,web+onto+v105,,,,,PlayboyPlaymate,,,,,,,,
223,,Politician,Politician,OK,web+onto+v105,,,,,Politician,,,,,,,,
224,,Chancellor,Chancellor_HeadOfGovernment,OK,web+onto+v105,,,,,,Chancellor,,,,,,,
225,,Congressman,USRepresentative,OK,web+onto+v105,,,,,,Congressman,,,,,,,
226,,Deputy,PersonWithOccupation,UPDATED,web+onto+v105,,,,,,Deputy,,,,,,,
227,,Governor,StateGovernor,OK,web+onto+v105,,,,,,Governor,,,,,,,
228,X,Lieutenant,LieutenantCommander,OK,web+onto+v105,no general concept of lieutenant per deputy,,,,,Lieutenant,,,,,,,
229,,Mayor,Mayor,OK,web+onto+v105,,,,,,Mayor,,,,,,,
230,,MemberOfParliament,ParliamentMember,OK,web+onto+v105,,,,,,MemberOfParliament,,,,,,,
231,,President,PresidentOfOrganization,OK,web+onto+v105,,,,,,President,,,,,,,
232,,PrimeMinister,PrimeMinister_HeadOfGovernment,OK,web+onto+v105,,,,,,PrimeMinister,,,,,,,
233,,Senator,Politician,NEED,web+onto+v105,,,,,,Senator,,,,,,,
234,,VicePresident,VicePresidentOfOrganization,OK,web+onto+v105,,,,,,VicePresident,,,,,,,
235,,VicePrimeMinister,Minister_Governmental,NEED,web+onto+v105,,,,,,VicePrimeMinister,,,,,,,
236,,PoliticianSpouse,Celebrity_Political,NEED,web,,,,,PoliticianSpouse,,,,,,,,
237,,Presenter,TalkShowHost,OK,web+onto,,,,,Presenter,,,,,,,,
238,,RadioHost,RadioTalkShowHost,OK,web+onto,,,,,,RadioHost,,,,,,,
239,,TelevisionHost,TVShowHost,OK,web+onto,,,,,,TelevisionHost,,,,,,,
240,,Psychologist,Psychologist,OK,web,,,,,Psychologist,,,,,,,,
241,,Referee,Referee,OK,web+onto,,,,,Referee,,,,,,,,
242,,Religious,ReligiousPerson,OK,web+onto,,,,,Religious,,,,,,,,
243,,RomanEmperor,Emperor_HeadOfState,OK,web,,,,,RomanEmperor,,,,,,,,
244,X,Royalty,Aristocrat,OK,web+onto,,,,,Royalty,,,,,,,,
245,X,BritishRoyalty,Aristocrat,NEED,web+onto+v105,,,,,,BritishRoyalty,,,,,,,
246,,Baronet,Baronet,OK,web,,,,,,,Baronet,,,,,,
247,,PolishKing,King_HeadOfState,NEED,web+onto,,,,,,PolishKing,,,,,,,
248,,Scientist,Scientist,OK,web+onto+v105,,,,,Scientist,,,,,,,,
249,,Entomologist,Zoologist,NEED,web,,,,,,Entomologist,,,,,,,
250,,Medician,Doctor_Medical,OK,web+onto,,,,,,Medician,,,,,,,
251,,Professor,Professor,OK,web+onto,,,,,,Professor,,,,,,,
252,,SportsManager,GeneralManager_SportsTeam,OK,web+onto,,,,,SportsManager,,,,,,,,
253,,SoccerManager,GeneralManager_SportsTeam,NEED,web+onto+v105,,,,,,SoccerManager,,,,,,,
254,,TelevisionPersonality,TelevisionStar,OK,web,,,,,TelevisionPersonality,,,,,,,,
255,,Host,TalkShowHost,OK,web+onto,,,,,,Host,,,,,,,
256,,Altitude,Altitude,OK,web,,,Altitude,,,,,,,,,,
257,,AnatomicalStructure,AnimalBodyPart,OK,web+onto+v105,,,AnatomicalStructure,,,,,,,,,,
258,,Artery,Artery,OK,web+onto+v105,,,,Artery,,,,,,,,,
259,,Bone,Bone_BodyPart,OK,web+onto+v105,,,,Bone,,,,,,,,,
260,,Brain,Brain,OK,web+onto+v105,,,,Brain,,,,,,,,,
261,,Embryology,Embryology,OK,web+onto+v105,,,,Embryology,,,,,,,,,
262,,Ligament,Ligament,OK,web+onto,,,,Ligament,,,,,,,,,
263,,Lymph,Lymph,OK,web+onto+v105,,,,Lymph,,,,,,,,,
264,,Muscle,Muscle,OK,web+onto+v105,,,,Muscle,,,,,,,,,
265,,Nerve,Nerve,OK,web+onto+v105,,,,Nerve,,,,,,,,,
266,,Vein,Vein,OK,web+onto+v105,,,,Vein,,,,,,,,,
267,,Area,Area,UPDATED,web+v105,,,Area,,,,,,,,,,
268,,Award,AwardPractice,OK,web+onto+v105,,,Award,,,,,,,,,,
269,,Decoration,Decoration,OK,web+onto,,,,Decoration,,,,,,,,,
270,,NobelPrize,NobelPrize,OK,web,,,,NobelPrize,,,,,,,,,
271,,Biomolecule,BiopolymerMolecule,OK,web+onto,,,Biomolecule,,,,,,,,,,
272,,BloodType,BloodType,OK,onto,,,,BloodType,,,,,,,,,
273,,Enzyme,Enzyme,OK,web+onto,,,,Enzyme,,,,,,,,,
274,,Gene,Gene_HereditaryUnit ,OK,web+onto,,,,Gene,,,,,,,,,
275,X,HumanGene,EukaryoticGene,NEED,web+onto,,,,,HumanGene,,,,,,,,
276,X,MouseGene,EukaryoticGene,NEED,web+onto,,,,,MouseGene,,,,,,,,
277,,Protein,ProteinMolecule,OK,web+onto+v105,,,,Protein,,,,,,,,,
278,,Blazon,HeraldicDevice,OK,web+onto,,,Blazon,,,,,,,,,,
279,,CareerStation,???,DROP,web+onto,no idea what this is,,CareerStation,,,,,,,,,,
280,,CelestialBody,CelestialBody,OK,web+onto,,,CelestialBody,,,,,,,,,,
281,,Asteroid,Asteroid,OK,web+onto,,,,Asteroid,,,,,,,,,
282,,Constellation,Constellation,OK,web+onto,,,,Constellation,,,,,,,,,
283,,Galaxy,Galaxy,OK,web+onto,,,,Galaxy,,,,,,,,,
284,,Planet,Planet,OK,web+onto+v105,,,,Planet,,,,,,,,,
285,,Star,Star,OK,web+onto,,,,Star,,,,,,,,,
286,,BrownDwarf,DwarfStar,NEED,web,,,,,BrownDwarf,,,,,,,,
287,,ChartsPlacements,Chart,OK,web,,,ChartsPlacements,,,,,,,,,,
288,,ChemicalSubstance,ChemicalSubstanceType,OK,web+onto,,,ChemicalSubstance,,,,,,,,,,
289,,ChemicalCompound,ChemicalSubstanceType,OK,web+onto+v105,,,,ChemicalCompound,,,,,,,,,
290,,ChemicalElement,ElementStuff,OK,web+onto,,,,ChemicalElement,,,,,,,,,
291,,Mineral,Mineral,OK,web+onto,,,,Mineral,,,,,,,,,
292,,Colour,Color,OK,web+onto+v105,,,Colour,,,,,,,,,,
293,,Currency,Currency,OK,web+onto+v105,,,Currency,,,,,,,,,,
294,,Database,Database_AbstractContent,OK,web+onto,,,Database,,,,,,,,,,
295,,BiologicalDatabase,MedicalDatabase,OK,web+onto,,,,BiologicalDatabase,,,,,,,,,
296,,Demographics,DemographicInformation,OK,web,,,Demographics,,,,,,,,,,
297,X,Depth,Depth,NEED,web,,,Depth,,,,,,,,,,
298,,Device,PhysicalDevice,OK,web+onto+v105,,,Device,,,,,,,,,,
299,,AutomobileEngine,AutoEngine,OK,web+onto+v105,,,,AutomobileEngine,,,,,,,,,
300,,AutomobilePlatform,Model_car,DROP,v105,,,,AutomobilePlatform,,,,,,,,,
301,,Camera,Camera,OK,web+onto,,,,Camera,,,,,,,,,
302,,DigitalCamera,DigitalCamera,OK,web+onto,,,,,DigitalCamera,,,,,,,,
303,,InformationAppliance,InformationManagementUse,OK,web+onto,,,,InformationAppliance,,,,,,,,,
304,,Instrument,MusicalInstrument,OK,web+onto,,,,Instrument,,,,,,,,,
305,,Guitar,Guitar,OK,web+onto,,,,,Guitar,,,,,,,,
306,,Organ,Organ_MusicalInstrument,OK,web,,,,,Organ,,,,,,,,
307,,Weapon,Weapon,OK,web+onto+v105,,,,Weapon,,,,,,,,,
308,,Diploma,Diploma,OK,web,,,Diploma,,,,,,,,,,
309,,Disease,AilmentCondition,OK,web+onto+v105,,,Disease,,,,,,,,,,
310,,Drug,DrugProduct,OK,web+onto+v105,,,Drug,,,,,,,,,,
311,,EthnicGroup,PersonTypeByEthnicity,"OPENCYC,UPDATED",web+onto+v105,,,EthnicGroup,,,,,,,,,,
312,,Event,Event,OK,web+onto+v105,,,Event,,,,,,,,,,
313,,LifeCycleEvent,TheHumanLifeCycle,OPENCYC,web,needs to be more broadly (incl social) understood,,,LifeCycleEvent,,,,,,,,,
314,,PersonalEvent,???,???,web,seems to be a legitimate Cyc need,,,,PersonalEvent,,,,,,,,
315,,Birth,BirthEvent,OK,web,,,,,,Birth,,,,,,,
316,,Death,Dying,OK,web,,,,,,Death,,,,,,,
317,,Divorce,Divorce,OK,web,,,,,,Divorce,,,,,,,
318,,Marriage,Marriage_Agreement,OK,web,,,,,,Marriage,,,,,,,
319,,NaturalEvent,PhysicalEvent,OK,web,,,,NaturalEvent,,,,,,,,,
320,,SolarEclipse,SolarEclipse,OK,web,,,,,SolarEclipse,,,,,,,,
321,,SocietalEvent,SocialOccurrence,OK,web,,,,SocietalEvent,,,,,,,,,
322,,Convention,Convention_Meeting,UPDATED,web+onto+v105,,,,,Convention,,,,,,,,
323,,Election,Election,OK,web+onto,,,,,Election,,,,,,,,
324,,ElectionDiagram,Infographic,OK,web,,,,,,ElectionDiagram,,,,,,,
325,,FilmFestival,FilmFestival,OPENCYC,web+onto+v105,,,,,FilmFestival,,,,,,,,
326,,Meeting,Meeting_SocialGathering,OK,web,,,,,Meeting,,,,,,,,
327,,MilitaryConflict,ConflictEvent,OK,web+onto+v105,,,,,MilitaryConflict,,,,,,,,
328,,MusicFestival,MusicFestival,OPENCYC,web+onto+v105,,,,,MusicFestival,,,,,,,,
329,,SpaceMission,SpaceMission,OK,web+onto+v105,,,,,SpaceMission,,,,,,,,
330,,SportsEvent,SportsEvent,OK,web+onto+v105,,,,,SportsEvent,,,,,,,,
331,,CyclingCompetition,CyclingSportsEvent,OK,web+onto,,,,,,CyclingCompetition,,,,,,,
332,,FootballMatch,SportsEvent,NEED,web+onto,,,,,,FootballMatch,,,,,,,
333,,GrandPrix,RacingSportsEvent,OK,web+onto+v105,,,,,,GrandPrix,,,,,,,
334,,MixedMartialArtsEvent,MartialArtsSportsEvent,UPDATED,web+onto+v105,,,,,,MixedMartialArtsEvent,,,,,,,
335,,NationalFootballLeagueEvent,ProfessionalSportsEvent,NEED,web,,,,,,NationalFootballLeagueEvent,,,,,,,
336,,Olympics,OlympicGames,OK,web+onto+v105,,,,,,Olympics,,,,,,,
337,,OlympicEvent,OlympicCompetition,OK,web+onto,,,,,,,OlympicEvent,,,,,,
338,,Race,RacingSportsEvent,OK,web+onto+v105,,,,,,Race,,,,,,,
339,,CyclingRace,CyclingSportsEvent,OK,web,,,,,,,CyclingRace,,,,,,
340,,HorseRace,HorseRacingEvent,OK,web,,,,,,,HorseRace,,,,,,
341,,Tournament,Tournament,OK,web,,,,,,Tournament,,,,,,,
342,,GolfTournament,GolfTournament,OK,web,,,,,,,GolfTournament,,,,,,
343,,SoccerTournament,SoccerTournament,OK,web+onto,,,,,,,SoccerTournament,,,,,,
344,,TennisTournament,TennisTournament,OK,web+onto,,,,,,,TennisTournament,,,,,,
345,,WomensTennisAssociationTournament,WomensTennisAssociationTournament,OPENCYC,web+onto+v105,,,,,,,WomensTennisAssociationTournament,,,,,,
346,,WrestlingEvent,WrestlingSportsEvent,OK,web+onto+v105,,,,,,WrestlingEvent,,,,,,,
347,,Flag,Flag,OK,web+onto,,,Flag,,,,,,,,,,
348,,Food,Food,OK,web+onto,,,Food,,,,,,,,,,
349,,Beverage,Drink,OK,web+onto+v105,,,,Beverage,,,,,,,,,
350,,Beer,Beer,OK,web+onto,,,,,Beer,,,,,,,,
351,,Wine,Wine,OK,web+onto,,,,,Wine,,,,,,,,
352,,ControlledDesignationOfOriginWine,WineTypeByRegion,OPENCYC,web+onto,not exact match,,,,,ControlledDesignationOfOriginWine,,,,,,,
353,,Cheese,Cheese,OK,web+onto,,,,Cheese,,,,,,,,,
354,,GeneLocation,Genome-GIS,NEED,web+onto,,,GeneLocation,,,,,,,,,,
355,,HumanGeneLocation,Genome-GIS,NEED,web+onto,,,,HumanGeneLocation,,,,,,,,,
356,,MouseGeneLocation,Genome-GIS,NEED,web+onto,,,,MouseGeneLocation,,,,,,,,,
357,X,GrossDomesticProduct,ComplexQuantityPredicate,OPENCYC,web,,,GrossDomesticProduct,,,,,,,,,,
358,X,GrossDomesticProductPerCapita,ComplexQuantityPredicate,NEED,web,,,GrossDomesticProductPerCapita,,,,,,,,,,
359,,Holiday,Holiday,OK,web+onto,,,Holiday,,,,,,,,,,
360,,HumanDevelopmentIndex,SocialQuantity,NEED,web,,,HumanDevelopmentIndex,,,,,,,,,,
361,,Imdb,InternetMovieDatabase,OPENCYC,web+onto,,,Imdb,,,,,,,,,,
362,,Language,Language,OK,web+onto+v105,,,Language,,,,,,,,,,
363,,Letter,Letter_Alphabetic,OK,web+onto,,,Letter,,,,,,,,,,
364,,List,List_Information,OK,web+onto,,,List,,,,,,,,,,
365,,TrackList,ToDoList_CW,OK,web+onto,,,,TrackList,,,,,,,,,
366,,Listen,???,???,web+onto,should possibly not model,,Listen,,,,,,,,,,
367,,MeanOfTransportation,TransportationDevice_Vehicle,OK,web+onto+v105,,,MeanOfTransportation,,,,,,,,,,
368,,Aircraft,AirTransportationVehicle,UPDATED,web+onto+v105,,,,Aircraft,,,,,,,,,
369,,Automobile,Automobile,UPDATED,web+onto+v105,,,,Automobile,,,,,,,,,
370,,Locomotive,TrainEngine,OK,web+onto,,,,Locomotive,,,,,,,,,
371,,Motorcycle,Motorcycle,OK,web,,,,Motorcycle,,,,,,,,,
372,,Rocket,RocketPropelledTransportationDevice,UPDATED,web+onto+v105,,,,Rocket,,,,,,,,,
373,,Ship,Ship,OK,web+onto+v105,,,,Ship,,,,,,,,,
374,,SpaceShuttle,SpaceShuttle,OK,web+onto+v105,,,,SpaceShuttle,,,,,,,,,
375,,SpaceStation,SpaceStation,OK,web+onto+v105,,,,SpaceStation,,,,,,,,,
376,,Spacecraft,Spacecraft,OK,web+onto+v105,,,,Spacecraft,,,,,,,,,
377,,Train,Train_TransportationDevice,OK,web+onto,,,,Train,,,,,,,,,
378,,Media,MediaProduct,OK,web,,,Media,,,,,,,,,,
379,,Name,Name,OK,web+onto,,,Name,,,,,,,,,,
380,,GivenName,HumanGivenName,OK,web+onto,,,,GivenName,,,,,,,,,
381,,Surname,HumanSurname,OK,web+onto,,,,Surname,,,,,,,,,
382,,PenaltyShootOut,StructuredSportsEvent,NEED,web+onto,,,PenaltyShootOut,,,,,,,,,,
383,,PersonFunction,HumanActivity,OK,web+onto,not quite sure what this means,,PersonFunction,,,,,,,,,,
384,,PoliticalFunction,PoliticalAction,OK,web,not quite sure what this means,,,PoliticalFunction,,,,,,,,,
385,,Profession,Professional,OK,web,,,,Profession,,,,,,,,,
386,,Place,Place,UPDATED,web+onto+v105,,,Place,,,,,,,,,,
387,,ArchitecturalStructure,ConstructionArtifact,OK,web+onto,,,,ArchitecturalStructure,,,,,,,,,
388,,Building,Building,OK,web+onto+v105,,,,,Building,,,,,,,,
389,,AmusementParkAttraction,AmusementParkRide,OK,web,,,,,,AmusementParkAttraction,,,,,,,
390,,RollerCoaster,RollerCoaster,OK,web,,,,,,,RollerCoaster,,,,,,
391,,WaterRide,AmusementParkRide,NEED,web,,,,,,,WaterRide,,,,,,
392,,Arena,Stadium,OK,web+onto,,,,,,Arena,,,,,,,
393,,Casino,Casino_Object,OK,web+onto,,,,,,Casino,,,,,,,
394,,Castle,Castle,OK,web+onto,,,,,,Castle,,,,,,,
395,,Factory,FactoryBuilding,OK,web+onto,,,,,,Factory,,,,,,,
396,,Gate,Gate,OK,web,,,,,,Gate,,,,,,,
397,,HistoricBuilding,Historic_building,OK,web+onto+v105,,,,,,HistoricBuilding,,,,,,,
398,,Hospital,HospitalBuilding,OK,web+onto+v105,,,,,,Hospital,,,,,,,
399,,Hotel,HotelBuilding,OK,web+onto,,,,,,Hotel,,,,,,,
400,,MilitaryStructure,MilitaryFacility,OK,web+onto,,,,,,MilitaryStructure,,,,,,,
401,,Mill,Mill_ManufacturingFacility,OK,web+onto,,,,,,Mill,,,,,,,
402,,Treadmill,Treadmill,OK,web+onto,,,,,,,Treadmill,,,,,,
403,,Watermill,WaterPoweredMill,OK,web+onto,,,,,,,Watermill,,,,,,
404,,WindMotor,WindPoweredTurbine,OK,web+onto,,,,,,,WindMotor,,,,,,
405,,Windmill,Windmill,OK,web+onto,,,,,,,Windmill,,,,,,
406,,Museum,MuseumStructure,OK,web+onto,,,,,,Museum,,,,,,,
407,,Prison,Prison,OK,web+onto,,,,,,Prison,,,,,,,
408,,ReligiousBuilding,ReligiousBuilding,OK,web+onto,,,,,,ReligiousBuilding,,,,,,,
409,,Abbey,Abbey,OK,web+onto,,,,,,,Abbey,,,,,,
410,,Church,Church_Building,OK,web+onto,,,,,,,Church,,,,,,
411,,Monastery,Monastery_Residence,OK,web+onto,,,,,,,Monastery,,,,,,
412,,Mosque,Mosque_Building,OK,web+onto,,,,,,,Mosque,,,,,,
413,,Shrine,Shrine_Religious,OK,web+onto,,,,,,,Shrine,,,,,,
414,,Synagogue,Synagogue_Building,OK,web+onto,,,,,,,Synagogue,,,,,,
415,,Temple,Temple,OK,web+onto,,,,,,,Temple,,,,,,
416,,Restaurant,RestaurantSpace,OK,web+onto,,,,,,Restaurant,,,,,,,
417,,ShoppingMall,ShoppingMallBuilding,OK,web+onto+v105,,,,,,ShoppingMall,,,,,,,
418,,Skyscraper,Skyscraper,OK,web+onto+v105,,,,,,Skyscraper,,,,,,,
419,,Tower,Tower,OK,web,,,,,,Tower,,,,,,,
420,,Lighthouse,Lighthouse,UPDATED,web+onto+v105,,,,,,,Lighthouse,,,,,,
421,,WaterTower,WaterTower,OK,web+onto,,,,,,,WaterTower,,,,,,
422,,Venue,PublicPlace,OK,web+onto,not great match,,,,,Venue,,,,,,,
423,,Theatre,Theater_PhysicalStructure,OK,web+onto,,,,,,,Theatre,,,,,,
424,,Dam,Dam,OK,web,,,,,Dam,,,,,,,,
425,,Garden,Garden,OK,web,,,,,Garden,,,,,,,,
426,,Infrastructure,InfrastructureProduct,OK,web+onto+v105,,,,,Infrastructure,,,,,,,,
427,,Airport,Airport_Physical,OK,web+onto+v105,,,,,,Airport,,,,,,,
428,,LaunchPad,TransportFacility,OK,web+onto+v105,,,,,,LaunchPad,,,,,,,
429,,Lock,Lock,OK,web,,,,,,Lock,,,,,,,
430,,PowerStation,PowerGenerationComplex,OK,web+onto,,,,,,PowerStation,,,,,,,
431,,NuclearPowerStation,PowerGenerationComplex_Nuclear,OK,web,,,,,,,NuclearPowerStation,,,,,,
432,,RouteOfTransportation,TravelRoute,OK,web+onto,,,,,,RouteOfTransportation,,,,,,,
433,,Bridge,Bridge,OK,web+onto+v105,,,,,,,Bridge,,,,,,
434,,PublicTransitSystem,MassTransitSystem,OK,web+onto,,,,,,,PublicTransitSystem,,,,,,
435,,RailwayLine,Railway,OK,web+onto,,,,,,,RailwayLine,,,,,,
436,,Road,Roadway,OK,web+onto+v105,,,,,,,Road,,,,,,
437,,RoadJunction,RoadwayJunction,OK,web+onto,,,,,,,RoadJunction,,,,,,
438,,Tunnel,Tunnel,OK,web+onto,,,,,,,Tunnel,,,,,,
439,,RailwayTunnel,Tunnel,NEED,web+onto,,,,,,,,RailwayTunnel,,,,,
440,,RoadTunnel,Tunnel,NEED,web+onto,,,,,,,,RoadTunnel,,,,,
441,,WaterwayTunnel,Tunnel,NEED,web+onto,,,,,,,,WaterwayTunnel,,,,,
442,,Station,Terminal_TransferPoint,OK,web+onto+v105,,,,,,Station,,,,,,,
443,,MetroStation,SubwayStation,UPDATED,web,,,,,,,MetroStation,,,,,,
444,,RailwayStation,RailwayStation,OK,web+onto,,,,,,,RailwayStation,,,,,,
445,,NoteworthyPartOfBuilding,PartOfBuilding,OK,web+onto,,,,,NoteworthyPartOfBuilding,,,,,,,,
446,,Park,Park,OK,web+onto+v105,,,,,Park,,,,,,,,
447,,Cemetery,Graveyard,OK,web,,,,Cemetery,,,,,,,,,
448,,Community,Community,OK,web+onto,,,,Community,,,,,,,,,
449,,CountrySeat,CountySeat,OK,web,,,,CountrySeat,,,,,,,,,
450,,HistoricPlace,HistoricalSite,UPDATED,web+onto+v105,,,,HistoricPlace,,,,,,,,,
451,,HotSpring,HotSpring,OK,web+onto,,,,HotSpring,,,,,,,,,
452,,Monument,Monument,OK,web+onto+v105,,,,Monument,,,,,,,,,
453,,GraveMonument,GraveMarker,OK,web,,,,,GraveMonument,,,,,,,,
454,,Memorial,MemorialMarker,OK,web+onto,,,,,Memorial,,,,,,,,
455,,NaturalPlace,NaturalThing,OK,web+onto,not really a proper subset in Cyc,,,NaturalPlace,,,,,,,,,
456,,Archipelago,Archipelago,OK,web,,,,,Archipelago,,,,,,,,
457,,BodyOfWater,BodyOfWater,OK,web+onto+v105,,,,,BodyOfWater,,,,,,,,
458,,Lake,Lake,OK,web+onto+v105,,,,,,Lake,,,,,,,
459,,Sea,Sea,OK,web+onto,,,,,,Sea,,,,,,,
460,,Stream,Stream,OK,web+onto+v105,,,,,,Stream,,,,,,,
461,,Canal,Canal,OK,web+onto+v105,,,,,,,Canal,,,,,,
462,,River,River,OK,web+onto+v105,,,,,,,River,,,,,,
463,,Cave,Cave,OK,web+onto+v105,,,,,Cave,,,,,,,,
464,,Crater,Crater,OK,web,,,,,Crater,,,,,,,,
465,,LunarCrater,Crater,OK,web+onto+v105,,,,,,LunarCrater,,,,,,,
466,,Glacier,Glacier,OK,web,,,,,Glacier,,,,,,,,
467,,Mountain,Mountain,OK,web+onto+v105,,,,,Mountain,,,,,,,,
468,,MountainPass,Pass_Geographical,OK,web+onto+v105,,,,,MountainPass,,,,,,,,
469,,MountainRange,MountainRange,OK,web+onto+v105,,,,,MountainRange,,,,,,,,
470,,Valley,Valley,OK,web+onto+v105,,,,,Valley,,,,,,,,
471,,Volcano,Volcano,OK,web+onto,,,,,Volcano,,,,,,,,
472,,PopulatedPlace,PopulatedPlace,OK,web+onto+v105,,,,PopulatedPlace,,,,,,,,,
473,X,Agglomeration,HumanResidenceArea,OK,web,not sure what is meant here,,,,Agglomeration,,,,,,,,
474,,Continent,Continent,OK,web+onto+v105,,,,,Continent,,,,,,,,
475,,Country,Country,OK,web+onto+v105,,,,,Country,,,,,,,,
476,,Department,Department,OK,web+onto,many meanings here; probably should not be PopulatedPlace,,,,Department,,,,,,,,
477,,OverseasDepartment,ForeignOffice,OK,web+onto,"many meanings here; probably should not be PopulatedPlace, perhaps Colony",,,,,OverseasDepartment,,,,,,,
478,,Intercommunality,ExurbanNeighborhood,OK,web+onto,not sure what is meant here,,,,Intercommunality,,,,,,,,
479,,Island,Island,OK,web+onto+v105,,,,,Island,,,,,,,,
480,,Atoll,Atoll,OK,web+onto,,,,,,Atoll,,,,,,,
481,,Locality,PopulatedLocally,OK,web+onto,,,,,Locality,,,,,,,,
482,,Prefecture,Prefecture,OK,web+onto,,,,,Prefecture,,,,,,,,
483,,Region,GeopoliticalEntity,OK,web+onto,,,,,Region,,,,,,,,
484,,AdministrativeRegion,AdministrativeDistrict,UPDATED,web+onto+v105,,,,,,AdministrativeRegion,,,,,,,
485,X,ClericalAdministrativeRegion,AdministrativeDistrict,NEED,web+onto,,,,,,,ClericalAdministrativeRegion,,,,,,
486,X,Deanery,AdministrativeDistrict,NEED,web+onto,,,,,,,,Deanery,,,,,
487,,Diocese,Diocese,OK,web+onto,,,,,,,,Diocese,,,,,
488,,Parish,Parish,OK,web+onto,,,,,,,,Parish,,,,,
489,,GovernmentalAdministrativeRegion,AdministrativeDistrict,OK,web+onto,,,,,,,GovernmentalAdministrativeRegion,,,,,,
490,,District,District_State_Geopolitical,OPENCYC,web+onto,,,,,,,,District,,,,,
491,,DistrictWaterBoard,PublicWaterSystem,NEED,web+onto,,,,,,,,DistrictWaterBoard,,,,,
492,,MicroRegion,???,???,web,don't know what this is,,,,,,,MicroRegion,,,,,
493,,Municipality,Municipality,UPDATED,web+onto+v105,,,,,,,,Municipality,,,,,
494,,FormerMunicipality,Municipality,OK,web,,,,,,,,,FormerMunicipality,,,,
495,,Province,State_Geopolitical,OK,web+onto,,,,,,,,Province,,,,,
496,,Regency,Regent,OK,web+onto,misplaced in this section; Regency is time-dependent,,,,,,,Regency,,,,,
497,,SubMunicipality,PopulatedPlacePart,OK,web+onto,,,,,,,,SubMunicipality,,,,,
498,,NaturalRegion,OutdoorLocation,OK,web+onto,,,,,,NaturalRegion,,,,,,,
499,,Settlement,Village,OK,web+onto+v105,,,,,Settlement,,,,,,,,
500,,City,City,OK,web+onto+v105,,,,,,City,,,,,,,
501,,CityDistrict,Neighborhood,NEED,web+onto,,,,,,CityDistrict,,,,,,,
502,,FrenchLocality,PopulatedLocality,OK,onto,,,,,,FrenchLocality,,,,,,,
503,,IranSettlement,Village,OK,onto,,,,,,IranSettlement,,,,,,,
504,,Town,Town,OK,web+onto+v105,,,,,,Town,,,,,,,
505,,Village,Village,OK,web+onto+v105,,,,,,Village,,,,,,,
506,,Territory,Territory,OK,onto,,,,,Territory,,,,,,,,
507,,OldTerritory,Territory,NEED,onto,,,,,,OldTerritory,,,,,,,
508,,State,State_Geopolitical,OK,web+onto,,,,,State,,,,,,,,
509,,Street,Street_Generic,OK,web,,,,,Street,,,,,,,,
510,X,ProtectedArea,WildlifeReserve,UPDATED,web+onto+v105,not sure what is meant here,,,ProtectedArea,,,,,,,,,
511,,SiteOfSpecialScientificInterest,UNESCOWorldHeritageSite,OPENCYC,web+onto+v105,,,,SiteOfSpecialScientificInterest,,,,,,,,,
512,,SkiArea,SkiArea,OK,web+onto+v105,,,,SkiArea,,,,,,,,,
513,,SkiResort,SkiResort_Attraction,OK,web+onto,,,,SkiResort,,,,,,,,,
514,X,SportFacility,SportsPlayingArea,OK,web+onto,,,,SportFacility,,,,,,,,,
515,,CricketGround,CricketField,OK,web,,,,,CricketGround,,,,,,,,
516,,GolfCourse,GolfCourse,OK,web,,,,,GolfCourse,,,,,,,,
517,,RaceTrack,RaceTrack,OK,web+onto,,,,,RaceTrack,,,,,,,,
518,,Racecourse,CarRaceTrack,OK,web+onto,,,,,,Racecourse,,,,,,,
519,,Stadium,Stadium,OK,web+onto+v105,,,,,Stadium,,,,,,,,
520,,WineRegion,ViticulturalDomain,OK,web+onto+v105,,,,WineRegion,,,,,,,,,
521,,WorldHeritageSite,UNESCOWorldHeritageSite,OPENCYC,web+onto+v105,,,,WorldHeritageSite,,,,,,,,,
522,,Polyhedron,Polyhedron,OK,web+onto,,,Polyhedron,,,,,,,,,,
523,,Population,Population,OK,web,,,Population,,,,,,,,,,
524,,PublicService,???,???,web+onto,"not sure match, nor how to model",,PublicService,,,,,,,,,,
525,,PublicServiceInput,???,???,web+onto,"not sure match, nor how to model",,,PublicServiceInput,,,,,,,,,
526,,PublicServiceOutput,???,???,web+onto,"not sure match, nor how to model",,,PublicServiceOutput,,,,,,,,,
527,,Sales,SalesActivity,UPDATED,web+onto+v105,,,Sales,,,,,,,,,,
528,,SnookerWorldRanking,???,NOT MAPPED,web+onto,check on rating standings for individuals,,SnookerWorldRanking,,,,,,,,,,
529,,Species,BiologicalSpecies,UPDATED,web+onto+v105,,,Species,,,,,,,,,,
530,,Archaea,Archaea,UPDATED,web+onto+v105,,,,Archaea,,,,,,,,,
531,,Bacteria,Bacterium,OK,web+onto+v105,,,,Bacteria,,,,,,,,,
532,X,Eukaryote,EukaryoticOrganism,OK,web+onto+v105,,,,Eukaryote,,,,,,,,,
533,,Animal,Animal,OK,web+onto+v105,,,,,Animal,,,,,,,,
534,,Amphibian,Amphibian,OK,web+onto+v105,,,,,,Amphibian,,,,,,,
535,,Arachnid,Arachnid,OK,web+onto+v105,,,,,,Arachnid,,,,,,,
536,,Bird,Bird,OK,web+onto+v105,,,,,,Bird,,,,,,,
537,,Crustacean,Crustacean,OK,web+onto+v105,,,,,,Crustacean,,,,,,,
538,,Fish,Fish,OK,web+onto+v105,,,,,,Fish,,,,,,,
539,,Insect,Insect,OK,web+onto+v105,,,,,,Insect,,,,,,,
540,,Mammal,Mammal,OK,web+onto+v105,,,,,,Mammal,,,,,,,
541,,Dog,Dog,OK,web+onto,,,,,,,Dog,,,,,,
542,,RaceHorse,Racehorse,OK,web+onto,,,,,,,RaceHorse,,,,,,
543,,Mollusca,Mollusk,OK,web+onto+v105,,,,,,Mollusca,,,,,,,
544,,Reptile,Reptile,OK,web+onto+v105,,,,,,Reptile,,,,,,,
545,,Fungus,Fungus,OK,web+onto+v105,,,,,Fungus,,,,,,,,
546,,Plant,Plant,OK,web+onto+v105,,,,,Plant,,,,,,,,
547,,ClubMoss,LycophytinaSubdivision,OK,web+onto+v105,,,,,,ClubMoss,,,,,,,
548,,Conifer,Conifer,OK,web+onto+v105,,,,,,Conifer,,,,,,,
549,,CultivatedVariety,Cultivar,OK,web+onto,,,,,,CultivatedVariety,,,,,,,
550,,Cycad,Cycad,OK,web+onto+v105,,,,,,Cycad,,,,,,,
551,,Fern,Fern,OK,web+onto+v105,,,,,,Fern,,,,,,,
552,,FloweringPlant,FloweringPlant,OK,web+onto+v105,,,,,,FloweringPlant,,,,,,,
553,,Grape,GrapeVine,OK,web+onto+v105,,,,,,,Grape,,,,,,
554,,Ginkgo,Ginkgo,OK,web+onto+v105,,,,,,Ginkgo,,,,,,,
555,,Gnetophytes,GnetopsidaClass,OK,web+onto,,,,,,Gnetophytes,,,,,,,
556,,GreenAlga,GreenAlga,"UPDATED,OPENCYC",web+onto+v105,,,,,,GreenAlga,,,,,,,
557,,Moss,Moss,OK,web+onto+v105,,,,,,Moss,,,,,,,
558,,SportCompetitionResult,SportsCompetition,NEED,web+onto,not sure good to model,,SportCompetitionResult,,,,,,,,,,
559,,OlympicResult,OlympicCompetition,OK,web+onto+v105,,,,OlympicResult,,,,,,,,,
560,X,SportsSeason,SportSeason,OK,web,,,SportsSeason,,,,,,,,,,
561,X,MotorsportSeason,SportSeason,NEED,web+onto,,,,MotorsportSeason,,,,,,,,,
562,X,SportsTeamSeason,SportSeason,OK,web+onto,,,,SportsTeamSeason,,,,,,,,,
563,,BaseballSeason,BaseballSeason,OK,web,,,,,BaseballSeason,,,,,,,,
564,,FootballLeagueSeason,FootballSeason,OK,web+onto,,,,,FootballLeagueSeason,,,,,,,,
565,X,NationalFootballLeagueSeason,SportSeason,NEED,web+onto,,,,,,NationalFootballLeagueSeason,,,,,,,
566,X,NCAATeamSeason,SportSeason,NEED,web+onto,,,,,NCAATeamSeason,,,,,,,,
567,X,SoccerClubSeason,SportSeason,NEED,web+onto,,,,,SoccerClubSeason,,,,,,,,
568,X,SoccerLeagueSeason,SportSeason,NEED,web+onto,,,,,SoccerLeagueSeason,,,,,,,,
569,,Statistic,Statistics,OK,web,,,Statistic,,,,,,,,,,
570,,Swarm,???,???,web+onto,"not sure what it is, how to model",,Swarm,,,,,,,,,,
571,,Globularswarm,???,???,web+onto,"not sure what it is, how to model",,,Globularswarm,,,,,,,,,
572,,Openswarm,???,???,web+onto,"not sure what it is, how to model",,,Openswarm,,,,,,,,,
573,,Tax,Tax_COC,OK,web+onto,,,Tax,,,,,,,,,,
574,,TimePeriod,TimeInterval,OK,web+onto,,,TimePeriod,,,,,,,,,,
575,,GeologicalPeriod,GeologicalTimePeriod,OK,web+onto,,,,GeologicalPeriod,,,,,,,,,
576,,HistoricalPeriod,HistoricalPeriod,OK,web+onto,,,,HistoricalPeriod,,,,,,,,,
577,X,PeriodOfArtisticStyle,HistoricalPeriod,NEED,web+onto,"not sure what it is, how to model",,,PeriodOfArtisticStyle,,,,,,,,,
578,X,PrehistoricalPeriod,Prehistoric,OK,web+onto,"not sure what it is, how to model",,,PrehistoricalPeriod,,,,,,,,,
579,X,ProtohistoricalPeriod,HistoricalPeriod,NEED,web+onto,"not sure what it is, how to model",,,ProtohistoricalPeriod,,,,,,,,,
580,,Year,CalendarYear,OK,web+onto,,,,Year,,,,,,,,,
581,X,YearInSpaceflight,SpaceMission,???,web+onto,really a predicate,,,YearInSpaceflight,,,,,,,,,
582,,TopicalConcept,TopicsCategories,OK,web+onto,,,TopicalConcept,,,,,,,,,,
583,,ChristianDoctrine,Christianity,OK,web+onto,,,,ChristianDoctrine,,,,,,,,,
584,,Fashion,FashionableStyle,OK,web+onto,,,,Fashion,,,,,,,,,
585,X,Genre,FacetingCollectionType,NEEDED,web+onto,a broad type for Genre instances makes sense,,,Genre,,,,,,,,,
586,,MovieGenre,MovieTypeByGenre,OK,web+onto,,,,,MovieGenre,,,,,,,,
587,X,MusicGenre,MusicalCompositionTypeByGenre,OPENCYC,web+onto+v105,,,,,MusicGenre,,,,,,,,
588,,Ideology,PoliticalBeliefSystem,OK,web+onto,,,,Ideology,,,,,,,,,
589,,SystemOfLaw,LegalCode,OK,web+onto,,,,SystemOfLaw,,,,,,,,,
590,,Taxon,BiologicalTaxon,OK,web,,,,Taxon,,,,,,,,,
591,,Type,Collection,OK,web,,,,Type,,,,,,,,,
592,,DocumentType,Document_CW,OK,web,,,,,DocumentType,,,,,,,,
593,X,GovernmentType,GeopoliticalEntityBySystemOfGovernment,OPENCYC,web+onto+v105,,,,,GovernmentType,,,,,,,,
594,,UnitOfWork,WorkQuantity,OPENCYC,web+onto,,,UnitOfWork,,,,,,,,,,
595,X,Case,CourtCase,OK,web+onto,,,,Case,,,,,,,,,
596,,LegalCase,CourtCase,OK,web+onto,,,,,LegalCase,,,,,,,,
597,,SupremeCourtOfTheUnitedStatesCase,CourtCase_Appellate,"NEED,OPENCYC",web+onto+v105,,,,,,SupremeCourtOfTheUnitedStatesCase,,,,,,,
598,,Project,Project,OK,web+onto,,,,Project,,,,,,,,,
599,,ResearchProject,ResearchProject,OK,web+onto,,,,,ResearchProject,,,,,,,,
600,X,Unknown,Thing,OK,web+onto,not sure if deserving inclusion,,Unknown,,,,,,,,,,
601,,Work,ConceptualWork,OK,web+onto,,,Work,,,,,,,,,,
602,X,Artwork,VisualWork_CW,OK,web+onto,,,,Artwork,,,,,,,,,
603,,Painting,Painting_ArtForm,OK,web+onto+v105,,,,,Painting,,,,,,,,
604,,Sculpture,Sculpture,OK,web+onto,,,,,Sculpture,,,,,,,,
605,X,Broadcast,BroadcastMediaShow_CW,OPENCYC,v105,,,,Broadcast,,,,,,,,,
606,,Cartoon,Cartoon,OK,web+onto,,,,Cartoon,,,,,,,,,
607,,Anime,Anime,OK,web+onto,,,,,Anime,,,,,,,,
608,,HollywoodCartoon,Cartoon,OK,web+onto,,,,,HollywoodCartoon,,,,,,,,
609,,CollectionOfValuables,Valuable_PersonalPossession,NEED,web+onto,,,,CollectionOfValuables,,,,,,,,,
610,,Archive,Archive,OK,web,,,,,Archive,,,,,,,,
611,,Film,Movie_CW,OK,web+onto+v105,,,,Film,,,,,,,,,
612,,LineOfFashion,ClothingTypeByStyle,OPENCYC,web+onto,,,,LineOfFashion,,,,,,,,,
613,,Musical,MusicalDrama,OK,web+onto+v105,,,,Musical,,,,,,,,,
614,,MusicalWork,MusicalComposition,OK,web+onto+v105,,,,MusicalWork,,,,,,,,,
615,X,Album,Album_CW,OK,web+onto+v105,,,,,Album,,,,,,,,
616,X,ArtistDiscography,InformatonStore,NEED,web+onto,functional expression,,,,ArtistDiscography,,,,,,,,
617,,ClassicalMusicComposition,MusicalCompostion_Classical,OK,web,,,,,ClassicalMusicComposition,,,,,,,,
618,,Opera,Opera_CW,OK,web+onto,,,,,Opera,,,,,,,,
619,,Single,MusicSingle,OK,web+onto+v105,,,,,Single,,,,,,,,
620,,Song,MusicalComposition_Song,OK,web+onto+v105,,,,,Song,,,,,,,,
621,,EurovisionSongContestEntry,MusicalComposition_Song,NEED,web+onto+v105,,,,,,EurovisionSongContestEntry,,,,,,,
622,,RadioProgram,RadioShow_CW,OK,web+onto,,,,RadioProgram,,,,,,,,,
623,,Software,SoftwareObject,OK,web+onto+v105,,,,Software,,,,,,,,,
624,,ProgrammingLanguage,ComputerLanguage,OK,web+onto,,,,,ProgrammingLanguage,,,,,,,,
625,,VideoGame,ComputerGameProgram,OK,web+onto+v105,,,,,VideoGame,,,,,,,,
626,,TelevisionEpisode,TVShow_SingleCW,OK,web+onto+v105,,,,TelevisionEpisode,,,,,,,,,
627,X,TelevisionSeason,TVMediaProduct,NEED,web+onto,,,,TelevisionSeason,,,,,,,,,
628,X,TelevisionShow,TVShow_CW,OK,web+onto+v105,,,,TelevisionShow,,,,,,,,,
629,,Website,WorldWideWebPage_PCW,OK,web+onto+v105,,,,Website,,,,,,,,,
630,,WrittenWork,TextualPCW,OK,web+onto,,,,WrittenWork,,,,,,,,,
631,,Annotation,Note_Document,OK,web,,,,,Annotation,,,,,,,,
632,,Reference,ReferenceWork,OK,web,,,,,,Reference,,,,,,,
633,,Book,Book_CW,OK,web+onto+v105,,,,,Book,,,,,,,,
634,,Novel,Novel_CW,OK,web+onto,,,,,,Novel,,,,,,,
635,,LightNovel,Novella,OK,web+onto,,,,,,,LightNovel,,,,,,
636,,Comic,ComicalMode,OK,web+onto,,,,,Comic,,,,,,,,
637,,Comics,ComicBookSeries,OK,web+onto,,,,,Comics,,,,,,,,
638,,ComicStrip,ComicStrip,OK,web,,,,,,ComicStrip,,,,,,,
639,,Manga,Manga,OK,web+onto,,,,,,Manga,,,,,,,
640,,Manhua,ComicBookSeries,NEED,web+onto,,,,,,Manhua,,,,,,,
641,,Manhwa,ComicBookSeries,NEED,web+onto,,,,,,Manhwa,,,,,,,
642,,Drama,PropositionalConceptualWork_DramaGenre,OK,web+onto,,,,,Drama,,,,,,,,
643,,Installment,???,???,web+onto,"not sure how to model, what is in Cyc",,,,Installment,,,,,,,,
644,,MultiVolumePublication,ConceptualWorkSeries_Periodic,OK,web+onto,,,,,MultiVolumePublication,,,,,,,,
645,,PeriodicalLiterature,PeriodicalSeries,OK,web+onto,,,,,PeriodicalLiterature,,,,,,,,
646,,AcademicJournal,JournalSeries,OK,web+onto,,,,,,AcademicJournal,,,,,,,
647,,Magazine,Magazine,OK,web+onto+v105,,,,,,Magazine,,,,,,,
648,,Newspaper,NewspaperSeries,OK,web+onto+v105,,,,,,Newspaper,,,,,,,
649,,Play,Play_CW,OK,web+onto,,,,,Play,,,,,,,,
650,,Poem,Poem_CW,OK,web,,,,,Poem,,,,,,,,
651,,Resume,Resume,OPENCYC,web+onto,,,,,Resume,,,,,,,,
652,,StatedResolution,AuthorizedAgreement,OK,web,,,,,StatedResolution,,,,,,,,
